Name,Count of Baby Names,Count of Dog Names
Aaliyah,36235,7
Aarav,934,1
Aaron,86976,7
Aaryn,514,1
Abagail,2764,1
Abbey,4930,28
Abbi,667,2
Abbie,4626,18
Abbott,110,6
Abby,17171,148
Abe,431,8
Abel,8352,2
Abi,179,3
Abigail,150776,35
Abigale,2725,1
Abilene,326,1
Able,158,1
Abner,1326,3
Abraham,19734,6
Abree,202,1
Abril,3709,2
Abu,129,2
Ace,1724,128
Achilles,693,35
Ada,3284,7
Adah,433,1
Adalyn,2327,2
Adam,70936,10
Adama,306,1
Addie,2045,18
Addison,55016,9
Addy,428,6
Ade,55,1
Adela,1362,1
Adelaide,2907,10
Adele,1275,3
Adelia,399,1
Adelina,1541,1
Adeline,5705,5
Adella,279,1
Adelle,722,2
Adi,505,2
Adina,1055,3
Adolfo,3910,1
Adonis,2335,7
Adora,446,2
Adrian,67717,6
Adriana,27337,1
Adriane,401,1
Adrienne,4176,2
Aengus,60,1
Africa,132,1
Agatha,362,8
Agnes,628,20
Agustina,285,2
Aidan,77958,6
Aiden,84321,7
Aiko,310,5
Ailsa,122,2
Aimee,4093,3
Aine,576,3
Ainsley,6446,1
Aisha,3918,2
Aiyana,3844,3
Aj,591,27
Aja,1798,5
Ajay,1444,3
Akasha,643,3
Akeelah,936,1
Akela,159,2
Akemi,189,1
Aki,81,2
Akila,147,2
Akina,169,1
Akio,104,1
Akira,2980,11
Al,323,4
Alabama,122,10
Alain,653,1
Alan,29582,4
Alana,17873,1
Alanis,1064,1
Alanna,6157,1
Alaric,329,2
Alasha,113,1
Alaska,185,2
Alastair,229,4
Alayah,1395,1
Alba,716,1
Alban,135,1
Albany,230,2
Albert,9059,20
Alberto,10845,1
Aldo,4291,6
Alec,13705,3
Alee,145,1
Aleeya,425,1
Alejandro,43180,5
Alejo,125,1
Alessandra,5969,1
Alessia,1202,1
Alex,65735,54
Alexa,48105,2
Alexander,178896,18
Alexandra,61284,3
Alexi,2048,1
Alexie,718,1
Alexis,158443,3
Alexus,7243,1
Alexxa,257,1
Alfonso,4501,3
Alfred,2913,8
Alfredo,8928,3
Ali,10126,19
Alice,8213,37
Alicia,23067,7
Alie,177,1
Alisa,3529,2
Alison,13254,2
Alistair,445,3
Alister,169,1
Alix,789,1
Aliyah,15260,1
Aliza,3078,2
Alize,2836,2
Allan,5185,1
Allegra,604,4
Allen,12466,3
Alley,459,8
Alli,1501,3
Allie,11500,28
Allison,59998,5
Ally,4124,20
Alma,4574,10
Alondra,19527,1
Alonso,3220,1
Alonzo,4316,4
Aloysius,121,1
Alpha,422,7
Alston,469,1
Alta,183,2
Alva,130,1
Alvin,5133,17
Alvina,197,2
Aly,612,1
Alyssa,114396,1
Alyvia,1893,1
Amada,230,1
Amadeus,324,4
Aman,947,1
Amanda,46520,9
Amani,5183,2
Amaya,15224,5
Ambar,628,1
Amber,36178,71
Ambrose,482,1
Ambrosia,341,1
Amelia,33132,13
Amelie,2671,4
America,5970,3
Amethyst,831,2
Ami,809,3
Amie,1153,2
Amina,2881,1
Amir,9001,4
Amira,4616,1
Amor,438,1
Amora,472,6
Amore,360,3
Amory,223,2
Amos,1649,9
Amra,152,1
Amy,28746,43
Ana,23173,4
Anabel,2285,4
Anabella,1990,2
Anabelle,2939,4
Anai,1147,1
Anakin,920,6
Analee,486,1
Analiese,775,1
Ananda,690,1
Anastasia,10807,12
Anden,338,1
Anders,1425,2
Anderson,5984,3
Andi,1317,3
Andie,1303,3
Andre,17730,5
Andrew,202308,11
Andrina,113,1
Andromeda,184,2
Andy,17842,62
Anela,588,1
Angel,119394,210
Angela,31292,7
Angelica,18641,4
Angelie,747,1
Angelika,825,1
Angelina,42635,6
Angeline,2835,1
Angelique,5127,3
Angella,238,1
Angelo,11750,10
Angelus,215,1
Angie,8307,30
Angus,1036,28
Ani,1034,5
Anika,5576,1
Anise,191,1
Aniston,665,1
Anita,2466,3
Anja,868,4
Anjelica,677,1
Anjolina,144,1
Anna,90011,18
Annabel,3114,5
Annabell,1052,4
Annabella,4100,7
Annabelle,13118,28
Annabeth,458,1
Annaliese,1688,1
Anne,7782,2
Anni,143,3
Annie,8778,93
Annika,8763,1
Anouk,153,4
Anoushka,375,2
Ansel,483,2
Anthony,191676,13
Antoine,3345,2
Anton,2572,3
Antonella,866,1
Antonia,3258,2
Antonio,46187,1
Anya,6855,7
Aoife,503,5
Apollo,507,95
Apple,183,26
April,11367,51
Aquiles,142,2
Ara,329,2
Arabella,3088,6
Arantxa,104,1
Araya,974,1
Archer,1189,21
Archibald,78,3
Archie,635,103
Ares,446,17
Ari,4177,22
Aria,4310,8
Ariadne,618,1
Ariana,37949,1
Arie,672,1
Ariel,20672,37
Ariela,803,1
Arielle,4747,2
Aries,1390,19
Aris,791,2
Arista,173,2
Arizona,370,1
Arjuna,65,1
Arleigh,161,3
Arlen,530,1
Arlo,692,19
Armani,6116,10
Armany,90,1
Arnaldo,218,2
Arnold,1693,11
Aron,3483,2
Arrow,74,13
Art,133,2
Artemis,116,12
Arthur,8309,22
Artie,69,8
Arturo,9868,1
Arun,342,1
Arvin,496,1
Arwen,854,2
Arya,2088,16
Arye,100,1
Asa,3704,1
Ash,356,15
Asha,2113,1
Ashanti,6566,4
Ashby,404,3
Ashely,972,2
Asher,11231,8
Ashlee,8715,1
Ashley,133458,31
Ashton,37096,4
Ashur,178,1
Asia,11188,24
Aslan,213,1
Aslyn,167,2
Aspen,5318,25
Assata,221,1
Astin,111,1
Aston,460,4
Astrid,2047,6
Asya,734,1
Athen,228,1
Athena,6142,57
Athina,186,1
Atia,108,2
Atlanta,207,2
Atlas,243,16
Atom,165,3
Atreyu,580,3
Atticus,2205,36
Attila,119,5
Aubrey,30954,5
Audie,200,1
Audrey,41508,26
August,4767,14
Augusta,370,4
Auguste,82,1
Augustin,506,1
Augustine,1504,1
Augusto,237,1
Augustus,2272,24
Aura,477,2
Aurelia,1102,1
Aurora,9418,21
Austen,2003,1
Austin,113654,30
Autumn,38444,24
Ava,104392,64
Avalon,1082,4
Avari,394,1
Averi,2162,1
Avery,57421,20
Avi,1322,4
Avie,141,1
Aviv,154,1
Aviva,525,1
Avon,87,5
Axel,10580,30
Axl,357,5
Axle,82,3
Aya,1775,2
Ayala,224,1
Aydin,2256,2
Ayla,5618,5
Ayumi,147,1
Ayva,792,1
Aza,109,2
Azul,1743,2
Baby,2929,277
Babyboy,631,1
Babygirl,588,1
Bailee,5399,7
Bailey,43677,532
Bailie,543,2
Baily,682,1
Bain,97,1
Baker,413,8
Baldwin,66,3
Bane,124,18
Banks,215,12
Bao,140,6
Barack,126,3
Barak,195,5
Barbara,4531,5
Barbie,241,18
Barnabas,71,1
Baron,1027,25
Barrett,2957,1
Barron,488,3
Barry,1823,14
Bart,93,10
Bartholomew,150,3
Baruch,321,1
Basia,148,2
Basil,533,39
Bastian,233,3
Bauer,160,1
Baxter,411,143
Bayle,112,1
Baylee,7700,5
Bayley,856,3
Bayli,390,1
Bea,115,6
Bear,170,272
Beatrice,2519,15
Beatrix,525,8
Beau,6241,74
Beauregard,68,17
Beautiful,361,2
Beaux,225,3
Becca,783,5
Beck,1057,2
Becker,129,4
Beckett,2415,12
Beckham,996,10
Becky,609,23
Bela,335,11
Belinda,2643,2
Bella,16703,1195
Belle,1291,124
Ben,4141,52
Benedict,832,5
Benicio,851,2
Benito,1550,7
Benjamin,137040,55
Benji,134,189
Benjiman,228,1
Benjimin,59,1
Bennet,339,1
Bennett,7397,12
Bennie,586,11
Benny,1736,133
Benson,1313,25
Bentley,2224,204
Bently,116,20
Benton,1080,1
Berkeley,481,7
Berkley,1062,3
Berlin,447,3
Bernadette,941,3
Bernard,2248,11
Bernice,866,1
Bernie,221,46
Berry,94,9
Bert,149,15
Berta,112,1
Bertha,667,4
Bertram,68,3
Bessie,179,23
Beth,940,4
Bethany,15301,2
Betsy,1793,39
Betty,1406,79
Beverly,1719,5
Bevin,139,1
Beyonce,1662,3
Bianca,18869,49
Bibi,111,22
Bibiana,378,1
Bijou,116,22
Bill,845,14
Billie,1278,36
Billy,5649,68
Bishop,1415,24
Bj,91,16
Bjorn,549,1
Blade,753,5
Blair,2493,4
Blaise,2089,7
Blake,51308,31
Blakely,939,1
Blanca,3189,26
Blas,326,1
Blaze,2417,48
Bless,84,2
Blessing,940,2
Bliss,243,6
Blossom,164,11
Blue,158,212
Blythe,780,1
Bo,2379,64
Bob,182,25
Bobbi,844,3
Bobbie,1081,7
Bobby,5686,87
Bode,910,12
Boden,970,2
Bodey,168,1
Bodhi,779,34
Bodi,124,2
Bodie,1033,14
Boe,168,3
Bonita,186,18
Bonnie,2049,83
Booker,186,11
Boone,496,7
Bora,135,2
Boris,575,28
Bosco,56,86
Boston,2848,8
Bowen,1281,1
Bowie,133,47
Bowman,108,2
Boy,190,25
Boyd,457,3
Brad,2167,3
Bradan,239,1
Braddock,131,1
Bradley,23688,15
Bradly,1234,1
Brady,34727,70
Brailee,188,1
Brandee,294,2
Branden,6187,1
Brandi,4044,33
Brandie,555,6
Brandin,551,1
Brando,794,21
Brandom,156,1
Brandon,142939,12
Brandy,4480,104
Branson,1920,1
Braxston,83,1
Braxton,14157,3
Brayan,8532,1
Brayden,50792,1
Braylin,1155,1
Brazil,153,1
Breann,1202,1
Breanna,27919,2
Breck,482,2
Bree,2041,10
Breeze,255,8
Breezy,128,7
Brenda,14319,5
Brenner,471,1
Brentley,154,1
Brett,14916,1
Brewer,101,1
Bria,3128,1
Brian,69811,13
Briana,28660,4
Brianna,99703,9
Briany,109,1
Briar,1708,2
Brice,3425,2
Brick,65,2
Bridget,9843,11
Bridgett,770,1
Bridgette,2158,7
Brie,508,7
Brielle,6565,1
Brienne,146,1
Briggs,620,5
Bright,59,1
Brighton,1269,4
Brigid,1106,2
Brigitte,793,2
Brin,136,1
Brinkley,379,7
Brinley,1838,1
Brion,212,1
Brisa,4340,2
Bristol,905,3
Brit,69,4
Britnee,211,1
Britney,9995,11
Britta,324,1
Brittaney,191,1
Brittany,17519,5
Brittney,7883,1
Brixton,136,4
Broc,758,1
Brock,12421,10
Brodee,266,1
Broderick,1889,1
Brodie,4267,19
Brody,26745,69
Brogan,1772,3
Bronson,1802,7
Bronte,203,4
Bronwyn,661,1
Bronx,114,21
Brook,2228,6
Brooke,54684,20
Brooklin,957,1
Brooklyn,37334,194
Brooklynn,11452,5
Brooks,3634,10
Bruce,5513,92
Bruin,65,5
Bruna,160,2
Bruno,2265,253
Bryan,62001,2
Bryce,40813,4
Brycen,3563,1
Bryley,102,1
Bryn,2127,1
Brynley,430,1
Bryson,19004,1
Buck,190,13
Buddy,353,677
Burton,247,1
Buster,98,282
Butch,73,40
Byron,5324,4
Cabot,117,1
Cadence,11226,1
Cadie,282,1
Cady,641,2
Caelan,1344,1
Caeley,269,2
Caesar,567,46
Caidence,441,2
Caila,386,1
Caillou,184,2
Cain,1476,3
Caine,504,4
Cairo,343,10
Caitlin,22272,1
Caitlyn,19750,1
Caius,204,1
Cal,901,5
Caleb,109893,15
Caley,798,1
Cali,4529,53
Calie,498,1
Calin,272,1
Calix,144,1
Calla,769,2
Callahan,508,2
Callan,814,1
Callaway,76,1
Calli,1294,8
Callie,10865,73
Calliope,285,3
Cally,304,6
Calogero,118,2
Calum,495,1
Calvert,56,1
Calvin,16045,28
Cam,264,3
Camaron,226,1
Cambria,1577,1
Camden,15465,5
Camelia,261,2
Cameo,133,4
Cameron,107522,7
Cami,929,1
Camie,170,1
Camila,17510,6
Camilla,3187,2
Camille,11730,4
Camilo,1408,7
Cammi,160,1
Cammie,318,1
Cammy,113,1
Campbell,4518,9
Canaan,1250,1
Candace,2915,3
Candi,142,9
Candice,2474,2
Candy,1130,46
Cane,80,5
Cannan,71,1
Canyon,1294,2
Caoimhe,108,3
Capone,107,32
Capri,660,4
Caprice,467,2
Cara,6017,20
Carey,596,1
Cari,257,1
Carina,3647,2
Carl,7162,11
Carla,6149,4
Carley,5562,3
Carli,2501,3
Carlie,4956,5
Carlin,730,1
Carlisle,123,2
Carlita,103,1
Carlito,474,7
Carlo,1900,6
Carlos,63176,11
Carlota,102,1
Carlotta,128,3
Carlton,1604,7
Carly,16647,27
Carlyle,91,1
Carma,254,2
Carmel,199,3
Carmela,1003,5
Carmelina,103,1
Carmelita,221,1
Carmella,1108,3
Carmelo,1584,14
Carmen,12637,9
Carmine,1239,8
Carolina,11042,3
Caroline,41749,2
Carrie,3310,8
Carrington,1493,2
Carson,47095,11
Carter,53226,37
Cartier,249,3
Carver,577,3
Cary,360,3
Case,1580,1
Casey,21338,144
Cash,5507,61
Cashel,63,2
Cashmere,298,9
Casie,340,2
Caspar,62,1
Casper,423,91
Caspian,188,4
Cass,162,4
Cassandra,20083,7
Cassey,203,1
Cassi,223,1
Cassidy,21615,18
Cassie,4637,68
Cassius,1218,14
Cassy,209,3
Catalina,3728,1
Caterina,570,1
Cathy,916,3
Catie,268,1
Cato,58,4
Cavan,583,1
Cayenne,137,2
Cayman,531,4
Ceasar,664,18
Ceaser,115,8
Cecelia,3645,7
Cecil,1092,9
Cecilia,11942,7
Cecily,1003,2
Cedar,594,4
Cedric,4256,3
Cedrick,837,1
Celene,233,2
Celeste,10528,5
Celia,3972,4
Celina,2314,1
Celine,2819,3
Cesar,23555,31
Cezar,243,1
Chace,1658,2
Chad,8489,2
Chai,91,12
Champ,183,94
Champion,80,16
Chan,102,2
Chana,2564,2
Chance,14617,98
Chancellor,808,1
Chandler,12953,9
Chanel,2815,66
Chanell,403,2
Chanelle,900,1
Chanie,119,1
Channel,179,5
Channing,1440,2
Chante,348,1
Chantel,1395,1
Chapin,56,2
Chapman,180,2
Chara,108,1
Chardonnay,162,1
Charisma,1389,1
Charity,4719,2
Charlee,2227,10
Charleen,147,1
Charlene,1740,2
Charles,75244,44
Charleston,473,2
Charley,2350,72
Charli,1554,11
Charlie,11029,856
Charlize,2687,1
Charlotte,24165,61
Charly,978,25
Charmaine,376,1
Chase,58493,103
Chasen,442,1
Chasey,147,4
Chasity,3766,1
Chastity,882,1
Chauncey,1056,17
Chavez,170,1
Chaz,2153,9
Chazz,407,5
Che,376,12
Chelsea,17979,70
Chelsey,3733,1
Chelsy,661,3
Cheri,170,7
Cherie,275,2
Cherise,194,1
Cherish,2843,2
Cherokee,760,3
Cherry,262,27
Chesney,992,3
Chester,852,144
Cheston,65,1
Chevy,1010,3
Cheyanna,492,1
Cheyanne,6013,1
Cheyenne,24119,16
Chi,80,31
Chiara,1711,1
Chico,78,130
China,631,26
Chloe,96382,465
Chloee,874,1
Chloie,639,2
Chole,765,18
Chris,7756,8
Chrissy,223,20
Christabel,160,1
Christal,760,2
Christi,260,1
Christian,144761,4
Christie,866,2
Christina,27095,3
Christine,8665,1
Christophe,147,2
Christopher,203089,9
Christy,2246,2
Chuck,111,27
Chyanne,1239,1
Chyla,125,2
Chyna,1913,14
Chynna,343,1
Cian,1180,1
Ciara,11989,7
Ciarra,1181,1
Cielo,1628,6
Ciera,2800,1
Cindi,210,1
Cindy,9873,53
Cinnamon,159,66
Ciro,304,4
Cisco,186,8
Cj,344,29
Clair,516,1
Claire,38936,9
Clancy,187,21
Clara,12647,16
Clare,4380,2
Clarence,2579,8
Clarice,684,4
Clarissa,7541,1
Clarita,108,1
Clark,2730,18
Claude,697,7
Claudette,223,1
Claudia,11200,2
Clay,4084,4
Clayton,18622,2
Clea,130,1
Clement,390,1
Clementine,571,31
Cleo,701,75
Cleopatra,168,31
Cleveland,472,2
Cliff,172,4
Clifford,1891,17
Clifton,1644,2
Clint,1254,4
Clinton,2572,6
Clio,155,11
Clive,287,2
Cloe,2194,7
Cloee,172,1
Cloey,1328,5
Cloie,529,2
Cloud,111,14
Clover,574,25
Clovis,58,4
Clyde,1297,54
Coal,68,10
Cobe,377,1
Cobey,280,1
Cobi,210,4
Coby,3245,32
Coco,434,852
Coda,240,4
Codee,68,1
Codey,647,2
Codi,748,7
Codie,662,6
Cody,49148,305
Cohen,4517,1
Cohl,113,1
Colbie,559,1
Colby,20011,23
Cole,56895,26
Coleen,137,1
Colette,1658,4
Coley,173,1
Colin,39068,10
Colleen,3873,1
Collette,390,1
Collin,27761,1
Collins,300,2
Collyn,335,1
Colt,3008,5
Coltrane,141,8
Conall,238,1
Conan,262,16
Conner,25039,2
Connie,1322,6
Connor,86195,9
Conor,5925,3
Conrad,2600,4
Constance,1859,1
Consuelo,601,1
Contessa,286,5
Conway,119,2
Cooper,32993,330
Cora,7715,18
Coral,1825,2
Coraline,140,3
Corbin,11770,3
Corby,86,1
Cordelia,1215,5
Corey,17822,3
Cori,1249,1
Cormac,768,1
Cornelius,1915,7
Corrie,447,1
Corwin,546,1
Cory,9105,14
Cosette,618,5
Cosimo,67,2
Cosmo,252,94
Cotton,104,28
Coty,344,4
Cougar,125,3
Coulter,203,1
Couper,86,1
Courage,58,8
Courtney,28453,4
Coy,1393,1
Craig,5523,1
Crawford,227,1
Crimson,344,1
Cris,304,1
Crispin,232,2
Cristal,4295,6
Cristiano,473,1
Cristina,6944,3
Crosby,249,16
Cruz,5318,2
Crystal,18850,36
Cullen,3231,1
Curry,60,4
Curtis,9613,8
Cutler,243,1
Cutter,637,7
Cy,891,2
Cyan,591,2
Cynthia,15129,3
Cypress,312,4
Cyril,445,3
Cyrus,4946,13
Dacey,268,1
Daemon,487,1
Dafne,1199,1
Dagny,259,6
Dahlia,2419,8
Daisey,352,7
Daisie,158,1
Daisy,22751,649
Daizy,280,5
Dakota,40404,101
Dale,3722,6
Daley,154,1
Dalia,2871,6
Dalila,1522,3
Dallas,10639,47
Dalton,26266,4
Dalyla,186,1
Damain,78,1
Damian,25949,7
Damien,18443,5
Damon,8666,3
Dana,8678,11
Dane,6773,1
Danely,158,1
Dang,67,2
Dani,1715,4
Dania,2396,2
Danica,5223,2
Daniel,203548,7
Daniella,9841,1
Danielle,35650,1
Danna,4448,1
Danni,550,1
Dannie,340,2
Danny,10514,28
Dante,12429,61
Dany,326,1
Daphne,5115,30
Daphnee,121,1
Daphnie,218,1
Dara,1189,2
Darby,2288,23
Darcy,1437,21
Daria,1460,4
Darian,5768,1
Dario,2171,1
Darius,12391,2
Darla,1054,33
Darlene,2361,1
Darling,152,4
Darnelle,55,1
Darren,8898,3
Darryl,2916,1
Darwin,2247,19
Daryl,1884,1
Dash,317,46
Dasha,1060,8
Dashel,168,2
Dashiel,105,1
Dashiell,703,4
Dave,984,6
Davey,183,5
David,179444,8
Davidson,271,1
Davon,3679,1
Davy,135,6
Dawn,1566,4
Dawson,17093,6
Dax,1580,15
Dayle,108,3
Daysi,487,1
Dayton,5000,1
Daytona,445,1
De,135,2
Deacon,2340,9
Dean,8008,11
Deana,984,3
Deandra,982,1
Debbie,606,6
Deborah,4261,1
December,318,4
Decker,217,1
Declan,7252,1
Dee,86,25
Deegan,1031,3
Deena,579,3
Deepak,105,1
Deja,5221,7
Delany,390,1
Delia,2340,2
Deliah,155,1
Delilah,7572,67
Della,717,5
Delmar,215,1
Delphine,154,2
Delroy,113,1
Delta,115,3
Demetri,988,1
Demetrius,5731,1
Demi,1775,9
Demon,132,5
Demond,838,1
Dempsey,199,11
Dena,689,4
Denali,749,5
Deni,79,3
Denim,700,7
Deniro,93,5
Dennis,10557,6
Denny,707,5
Denver,1878,7
Denzel,2114,2
Derek,26954,9
Dereon,947,1
Derrick,13494,1
Deseree,186,1
Desi,240,23
Desire,1326,1
Desirea,409,1
Desmond,6292,7
Destiney,3319,1
Destiny,69673,25
Devin,52277,3
Devlin,1168,1
Devon,24009,1
Devyn,5634,1
Dewey,316,21
Dexter,2560,212
Deysi,625,1
Dezi,68,3
Deziree,542,2
Dharma,328,4
Dia,283,2
Diamond,12853,189
Diana,29563,11
Diane,2392,2
Dianna,2123,1
Diego,56045,56
Diesel,483,139
Dieter,101,2
Dietrich,278,1
Diezel,92,4
Dijon,255,4
Dillan,2852,2
Dillian,216,1
Dillinger,96,8
Dillon,17859,12
Dimitri,1978,4
Dina,1785,5
Dinah,615,5
Dino,603,79
Diogo,305,1
Dionne,299,3
Dior,801,18
Dirk,394,3
Diva,108,58
Divina,297,1
Dixie,1787,87
Dixon,342,7
Dj,165,34
Django,109,31
Dmitri,593,1
Doc,83,15
Dodge,195,1
Dolly,164,72
Dolores,685,3
Dolton,94,1
Domani,58,1
Domenic,1870,1
Domingo,933,3
Dominic,48171,3
Dominick,15216,5
Dominique,9649,2
Don,1527,8
Donald,11968,4
Donna,3172,6
Donnie,1384,5
Donny,575,2
Donovan,19280,5
Donte,3314,3
Dora,1353,35
Dori,236,12
Dorian,6417,3
Doris,940,4
Dorothy,2686,10
Doug,55,13
Douglas,8637,15
Dov,597,2
Doyle,273,2
Draco,194,3
Dragon,63,6
Drake,13491,10
Dre,186,3
Drea,288,2
Dream,561,6
Drew,18884,4
Drexel,81,3
Dru,847,1
Duane,1564,1
Dublin,103,12
Duc,61,2
Dudley,107,27
Dugan,118,2
Duke,752,227
Dulce,8229,16
Duncan,3956,51
Dunia,175,2
Dupree,117,1
Dusti,166,1
Dustin,16482,4
Dusty,1121,63
Dutch,255,42
Dwayne,3471,2
Dwight,1716,1
Dylan,143964,66
Dymond,863,1
Dyson,612,5
Ean,2183,1
Earl,1896,12
Earnest,558,1
Easton,7331,2
Ebenezer,252,1
Eboni,795,1
Ebony,2905,27
Echo,555,20
Ed,156,3
Eddie,7065,60
Eddy,1668,11
Eden,11748,2
Edgar,22558,13
Edi,165,1
Edie,575,16
Edina,133,2
Edison,1553,3
Edith,4101,10
Edmund,1126,1
Edna,1144,2
Eduardo,31345,1
Edward,30688,3
Edwin,22011,4
Edwina,124,2
Edy,207,1
Efe,117,1
Effie,210,6
Egypt,931,12
Ein,111,4
Eisa,65,1
Eisley,149,1
Ekaterina,372,1
Ela,518,1
Elaine,4127,1
Elda,230,1
Eleanor,11143,23
Electra,248,5
Elena,15643,2
Eli,27889,61
Elias,19545,3
Elie,536,6
Elijah,110280,5
Elinor,731,1
Eliot,1404,4
Elissa,2644,1
Eliza,9576,7
Elizabeth,133138,17
Ella,67356,131
Elle,5143,6
Ellen,5518,3
Ellery,1161,1
Elli,876,2
Ellie,16954,132
Elliot,8317,11
Elliott,6940,5
Ellis,3099,3
Elly,1094,5
Elma,401,1
Elmer,2208,9
Eloise,1563,28
Elroy,98,3
Elsa,3338,35
Elsie,2554,19
Elton,693,1
Elvin,1645,2
Elvira,722,2
Elvis,2923,105
Elwood,115,9
Ely,1391,4
Elyse,3673,1
Elyssa,2410,1
Ember,1590,5
Emelia,2068,2
Emely,9209,1
Emerald,1831,2
Emerson,9936,4
Emery,5169,2
Emi,706,7
Emile,504,2
Emilia,6324,1
Emilie,5727,1
Emilio,10187,4
Emily,223639,38
Emma,181082,179
Emmanuel,23450,1
Emme,1174,9
Emmet,715,3
Emmett,4058,9
Emmi,557,1
Emmie,1006,16
Emmit,291,3
Emmitt,781,3
Emmy,1840,32
Emory,2479,1
Empress,227,2
Emy,302,2
Ennis,102,1
Enoch,1367,1
Enola,141,1
Enrico,350,1
Enrique,12900,1
Envy,198,5
Enzo,2565,55
Eowyn,403,1
Eric,69464,3
Erica,18812,5
Erika,16694,1
Erin,34130,4
Ernest,3303,11
Ernesto,7785,2
Ernie,476,58
Eron,236,1
Eros,447,3
Esabella,234,1
Esha,933,1
Esme,955,6
Esmeralda,15454,1
Esmerelda,163,3
Esperanza,3796,2
Espn,78,1
Essa,114,1
Essence,3088,1
Esteban,8639,1
Estee,123,1
Estefani,2145,1
Estela,836,1
Estella,1551,1
Estelle,963,3
Esther,11235,3
Estrella,6570,3
Estrellita,245,5
Ethan,201741,10
Ethel,184,12
Etienne,334,1
Etta,340,5
Eugene,3731,9
Eunice,1711,1
Eva,21263,37
Evan,92981,1
Evander,308,1
Evangeline,3303,4
Eve,4776,12
Evelyn,40696,5
Ever,1527,2
Everest,231,7
Everett,5505,1
Evey,224,1
Evie,1911,18
Evita,142,3
Evy,273,4
Ezekiel,11043,5
Ezra,8804,5
Fabian,11943,1
Fabio,621,7
Facundo,115,1
Faith,48656,41
Falcon,107,3
Fallon,1850,4
Fancy,113,20
Fannie,395,5
Fanny,396,11
Farah,1180,2
Farrah,1522,12
Fatima,13580,2
Fausto,535,1
Favor,124,2
Fawn,139,8
Fay,227,4
Faye,1103,7
Feather,104,2
Federico,1158,2
Felicia,3128,1
Felicity,4554,3
Felipe,5572,2
Felix,7554,32
Fenix,173,1
Fenton,135,2
Ferdinand,194,7
Fergus,91,10
Fern,166,8
Fernando,25215,6
Ferris,184,7
Fidel,1672,10
Filip,736,1
Filippo,128,1
Finbar,80,4
Finian,258,2
Finlay,327,3
Finley,3715,26
Finn,5010,63
Finnegan,2195,32
Finnian,921,1
Finnigan,263,5
Finnley,440,3
Fiona,8750,84
Fionn,192,1
Fionna,248,1
Fisher,1642,1
Fitzgerald,71,9
Flannery,154,1
Fletcher,1703,11
Flint,181,3
Flor,2100,1
Flora,1005,12
Florence,595,6
Florian,146,3
Floyd,1083,23
Flynn,745,15
Forest,654,4
Forrest,1737,9
Foster,979,7
Fox,536,17
Foxx,88,1
Frances,3940,20
Francesca,7001,10
Francesco,1471,4
Franchesca,1164,1
Francine,526,5
Francis,5303,19
Francisco,26451,1
Franco,1825,4
Francois,159,3
Frank,14436,54
Franki,172,1
Frankie,3764,182
Franklin,5463,45
Franklyn,391,3
Franky,602,13
Franz,177,5
Frazier,71,3
Fred,1551,68
Freda,165,2
Freddie,1441,43
Freddy,3245,29
Frederic,340,1
Frederick,5613,6
Freedom,516,4
Freida,140,1
Freya,769,12
Freyja,138,7
Frida,3150,41
Frieda,230,2
Fritz,269,44
Fulton,130,2
Fynn,195,1
Gabby,275,32
Gabe,1094,3
Gable,144,2
Gabriel,121337,16
Gabriela,28550,1
Gabriella,47196,8
Gabrielle,47169,8
Gaby,447,8
Gadge,98,2
Gage,27437,3
Gaia,316,4
Gala,120,3
Galilea,2486,1
Galileo,81,2
Gardenia,178,1
Garett,1316,1
Garfield,101,2
Garland,271,1
Garner,218,1
Garret,3190,1
Garrett,36173,1
Garrick,614,1
Garrison,2410,2
Garry,647,1
Garth,156,2
Gary,8857,16
Gaston,264,5
Gauge,1834,3
Gavin,88477,8
Gehrig,323,1
Gema,681,1
Gemini,220,4
Gemma,2208,27
Gena,367,1
Gene,995,1
General,77,8
Genesis,22000,7
Geneva,1598,3
Genevieve,8199,6
Genna,649,1
Geno,423,2
Gentry,914,1
Geoffrey,1988,2
George,27929,158
Georgette,240,3
Georgia,9508,48
Georgie,303,37
Georgio,160,1
Gerald,5129,2
Gerard,1332,1
Geri,115,2
Geronimo,436,8
Gerrit,314,1
Gerry,294,3
Gertrude,132,15
Gia,3735,52
Giada,1372,1
Giana,3398,3
Gianna,27773,2
Gianni,4343,2
Giavonna,468,1
Gibson,1122,12
Gideon,3404,7
Gigi,276,149
Gilbert,3601,4
Gillian,5486,4
Gina,5243,18
Ginger,1382,344
Ginny,228,13
Gino,1775,34
Gio,105,14
Giorgio,421,9
Giovanna,3709,4
Giovanni,24376,13
Giovannie,232,1
Girl,128,6
Gisele,1364,2
Giselle,19682,9
Giuliana,2060,1
Giulio,93,2
Giuseppe,986,7
Gizelle,1276,1
Gladys,1761,2
Glen,1507,2
Glenn,2722,2
Glenna,132,1
Gloria,7233,11
Glory,598,4
Godfrey,86,3
Golda,259,3
Golden,120,4
Goldie,308,54
Goldy,337,7
Gordon,2295,16
Grace,110574,53
Gracee,865,1
Gracey,1451,3
Graci,975,1
Gracie,27401,212
Gracy,514,2
Grady,5878,9
Graham,7602,9
Granger,105,1
Grant,28364,7
Grantham,85,1
Gray,616,5
Grayce,787,1
Graycee,233,1
Graycie,233,1
Grayson,15676,9
Greer,519,1
Greg,734,3
Greta,3753,27
Gretchen,3063,12
Gretel,193,8
Grey,856,11
Greyson,4887,4
Griffen,764,2
Griffin,14691,33
Griselda,1226,1
Grover,130,8
Gryphon,254,6
Guido,95,4
Guillermo,6086,4
Guinevere,589,3
Gunnar,4257,4
Gunner,4138,26
Gunter,91,1
Gunther,155,13
Gus,878,149
Gustav,295,3
Gustave,120,2
Gustavo,11000,3
Guthrie,105,2
Guy,1727,9
Gwen,1450,16
Gwendolyn,4528,3
Gypsy,164,45
Hadley,5315,7
Hagen,1055,1
Hailee,7416,1
Hailey,81905,23
Hailie,3563,1
Hal,156,1
Hale,145,1
Haley,57101,14
Halie,3038,1
Halle,7103,7
Halley,1110,3
Hallie,7351,4
Hally,218,1
Halo,259,27
Hamilton,676,17
Hamish,92,6
Hamlet,70,11
Hampton,503,6
Hamsa,100,1
Han,290,5
Hana,3823,10
Hank,1238,77
Hanley,65,1
Hanna,13475,10
Hannah,155598,47
Hannibal,63,3
Hans,1174,9
Hansel,260,4
Hanson,306,1
Hardy,180,3
Hari,238,1
Harlan,846,5
Harland,130,1
Harlee,1962,3
Harlem,334,13
Harlen,194,1
Harley,13250,183
Harli,379,1
Harlie,1529,3
Harlow,512,14
Harmon,274,1
Harmony,7174,7
Harold,3463,11
Harper,7092,40
Harriet,446,10
Harris,1341,3
Harrison,17167,9
Harry,4290,126
Hartley,235,3
Harvey,1427,48
Hattie,1269,7
Havana,352,5
Hawk,127,2
Hawkins,85,1
Hayden,60388,1
Hayes,1126,1
Haylee,13944,3
Hayleigh,2446,1
Hayley,13922,12
Haze,114,10
Hazel,5894,126
Heath,2620,4
Heather,13951,12
Heaven,12014,5
Hector,20828,9
Heide,109,1
Heidi,10070,54
Heinrich,103,5
Helen,8823,9
Helene,472,1
Hellen,483,1
Henderson,173,1
Hendrick,208,1
Hendrix,508,15
Henley,371,5
Henna,409,2
Hennessey,150,4
Hennessy,557,24
Henny,217,17
Henri,699,15
Henrietta,142,3
Henrik,447,5
Henry,42502,249
Henson,73,1
Hera,117,15
Herbert,1232,3
Herman,1085,14
Hermes,101,11
Hermione,441,3
Hernando,97,1
Hero,63,11
Herschel,142,4
Hershel,359,3
Hershy,225,2
Hilary,1360,1
Hilda,827,2
Hillary,2684,6
Hillel,245,1
Hina,162,1
Hiro,103,13
Hiroki,106,1
Hobie,80,6
Hoda,105,2
Hogan,514,10
Holden,7286,3
Holland,1355,3
Holli,533,1
Hollie,1392,3
Hollis,819,1
Holly,11564,124
Homer,205,26
Homero,575,1
Honey,641,202
Hope,18596,51
Horace,384,1
Horacio,833,2
Horatio,171,7
Houston,2195,5
Howard,2466,9
Howie,91,13
Hoyt,304,2
Hubert,494,5
Huck,75,16
Hudson,12474,150
Huey,103,7
Hugo,7300,67
Hunter,98211,128
Huntley,71,2
Hurley,93,8
Hutch,68,7
Huxley,102,10
Ian,61907,3
Ida,852,5
Ignacio,2918,1
Ignatius,197,2
Igor,234,2
Ike,452,14
Iker,619,2
Ilsa,179,2
Ilya,247,1
Iman,1783,1
Imani,9080,1
Immanuel,1767,2
Imogen,502,2
Inari,145,2
India,6337,16
Indiana,549,27
Indie,169,23
Indigo,758,5
Indy,199,24
Inez,608,4
Inga,157,4
Ingrid,4031,1
Ira,1193,5
Ireland,2612,2
Irene,5083,3
Irie,542,3
Irina,408,1
Iris,8611,14
Irish,144,1
Irma,1344,1
Irving,1765,7
Isa,931,1
Isaac,90529,10
Isabeau,129,1
Isabel,36025,14
Isabela,5314,1
Isabella,149195,71
Isabelle,32781,26
Isadora,870,6
Isadore,91,1
Isaiah,92506,2
Isha,1572,2
Isidora,118,1
Isis,5042,41
Isla,1914,3
Island,102,1
Ismael,8901,1
Israel,16478,1
Issa,585,2
Issac,6765,2
Isys,186,1
Itati,190,1
Ivan,30593,7
Ivana,1849,3
Ivanka,140,2
Ivey,658,1
Ivory,1634,17
Ivy,9350,45
Izabella,9888,2
Izabelle,1868,1
Izzabella,587,1
Izzabelle,128,1
Izzy,56,80
Ja,78,2
Jabir,70,1
Jac,97,1
Jace,16510,2
Jacey,3378,1
Jack,95475,425
Jackie,2725,91
Jacklyn,2137,1
Jackson,94507,164
Jacky,886,6
Jacob,273515,31
Jacobi,1299,1
Jacque,178,3
Jacqueline,32148,3
Jacquelyn,5032,1
Jacques,1080,15
Jacy,1216,3
Jada,37107,43
Jade,31189,47
Jadee,122,1
Jaden,56439,5
Jadon,6188,1
Jadzia,200,1
Jaeda,1573,1
Jaeden,3694,1
Jaeger,319,1
Jager,257,3
Jaggar,116,1
Jagger,2066,15
Jai,1761,2
Jaicee,234,1
Jaida,4865,3
Jaiden,19698,1
Jaime,14272,1
Jaimie,766,1
Jak,140,3
Jake,39755,286
Jakeem,363,1
Jaki,108,1
Jakob,14733,2
Jaleesa,249,1
Jalen,21326,1
Jalissa,1161,1
Jamaica,245,2
Jamarcus,1916,1
James,162959,22
Jameson,5855,26
Jami,899,1
Jamie,20592,20
Jamison,4861,2
Jan,2052,1
Jana,2386,1
Jane,7104,16
Janee,376,1
Janella,129,2
Janet,5486,6
Janey,423,1
Janice,2801,1
Janie,2053,1
Janina,268,1
Janis,342,1
Janna,1253,1
January,115,1
Jara,196,2
Jared,38056,2
Jarrell,654,1
Jarvis,1850,4
Jase,2981,1
Jashua,398,1
Jasmin,16982,2
Jasmine,75999,65
Jasmyne,1482,1
Jason,88475,15
Jasper,5299,172
Javier,24580,5
Jax,2151,145
Jaxon,15760,8
Jaxson,7513,14
Jaxsyn,78,1
Jaxx,162,7
Jay,8101,43
Jayce,6034,1
Jaycee,3722,1
Jaycob,1425,1
Jayda,10068,5
Jayde,2422,2
Jaydee,376,1
Jayden,102101,5
Jayla,20673,5
Jaylynn,4231,1
Jayme,1973,1
Jayna,1531,1
Jayne,732,1
Jayson,8688,1
Jazmin,17159,2
Jazmine,13909,16
Jazmyn,4064,1
Jazz,377,32
Jazzlyn,1179,1
Jazzmin,622,1
Jazzmine,668,1
Jb,73,2
Jc,371,3
Jd,253,6
Jean,3434,7
Jeanette,1930,1
Jeannie,492,4
Jeb,426,3
Jed,714,7
Jeda,112,1
Jedd,98,1
Jeff,1514,3
Jefferson,3262,9
Jeffery,6464,2
Jeffrey,25857,14
Jeffry,590,1
Jemma,617,5
Jena,1767,1
Jeni,155,2
Jenna,45282,16
Jenner,141,1
Jenni,411,1
Jennie,1248,1
Jennifer,63580,3
Jennings,161,1
Jenny,6673,36
Jenson,365,1
Jeremiah,55436,1
Jeremy,37376,6
Jericho,1278,1
Jerome,4246,3
Jerry,10582,55
Jersey,1666,23
Jerzee,136,2
Jess,680,5
Jesse,44835,59
Jessi,1403,4
Jessica,90647,16
Jessie,11240,78
Jessy,1307,5
Jesus,61466,2
Jet,857,27
Jeter,198,51
Jethro,283,13
Jett,4416,21
Jetta,400,6
Jewel,3598,21
Jewell,733,1
Jewels,351,7
Jezabel,186,1
Jezebel,289,16
Jia,585,1
Jianna,1039,1
Jill,1333,18
Jillian,22762,5
Jim,961,8
Jimmy,10433,55
Jin,343,7
Jina,213,1
Jivan,89,1
Jj,127,24
Jo,301,13
Joan,2803,2
Joanie,181,4
Joann,1104,1
Joanne,1618,2
Joao,527,1
Joaquin,8152,1
Job,753,1
Jocelyn,38397,1
Jodi,1271,6
Jodie,971,2
Jody,1328,9
Joe,8143,26
Joel,33667,2
Joelle,2557,1
Joely,591,1
Joey,5760,153
Johann,1251,1
Johanna,6766,1
John,160757,21
Johna,192,1
Johnnie,1654,5
Johnny,14227,38
Johnson,873,2
Johny,373,5
Joia,111,1
Joie,592,2
Jolee,1012,1
Jolena,234,1
Jolene,1958,11
Joli,210,2
Jolie,4311,8
Jolin,166,1
Jon,6209,2
Jonah,23785,7
Jonas,7139,1
Jones,287,9
Joni,561,5
Jonnie,215,2
Jonny,575,1
Jordan,143896,41
Jordi,1077,2
Jordin,2973,3
Jordy,2186,4
Jorel,242,1
Jorge,32967,3
Jose,115868,5
Josefina,994,1
Joseph,194331,2
Josephina,623,3
Josephine,13864,7
Josey,1028,1
Josh,2648,6
Joshua,231670,13
Josiah,33182,1
Josie,10597,61
Journey,3741,2
Journie,409,1
Jovi,292,3
Joy,5971,29
Joya,289,1
Joyce,3357,2
Jozie,385,1
Jr,309,8
Jt,125,1
Juan,75914,4
Juana,2012,3
Juanita,1943,1
Juanito,220,2
Jubilee,581,5
Juda,66,1
Judah,5070,4
Judas,136,1
Jude,9737,9
Judge,207,4
Judith,4517,2
Judy,1473,15
Juelz,920,2
Julee,158,1
Jules,1149,11
Juli,140,1
Julia,70839,8
Julian,60922,5
Julianna,16834,2
Julianne,4270,1
Julie,12446,35
Julien,3719,1
Juliet,5464,22
Julieta,1541,4
Juliett,161,2
Julietta,284,1
Juliette,4676,14
Julio,12756,6
Julius,8144,19
July,147,9
Julyan,166,1
Jun,312,1
Juna,105,3
June,1935,24
Junior,3323,90
Juniper,612,13
Junius,94,1
Juno,185,55
Justice,12669,18
Justin,122965,18
Justine,4055,2
Kacee,377,2
Kacey,2620,10
Kaci,2144,2
Kacie,2533,1
Kacy,915,4
Kaden,35271,2
Kadien,56,1
Kadin,3560,1
Kady,780,1
Kaela,1909,1
Kaelah,239,1
Kagan,259,1
Kai,14318,26
Kaia,3992,2
Kaida,212,1
Kaiden,12194,1
Kaila,4209,2
Kailani,1141,2
Kailee,5131,1
Kailey,11813,2
Kaili,1216,1
Kaily,855,1
Kain,982,1
Kaine,741,3
Kaipo,93,1
Kaira,747,1
Kairi,1313,4
Kairo,207,4
Kaiser,335,25
Kaitlyn,66889,1
Kaiya,3181,5
Kaizer,74,2
Kaj,140,1
Kaja,173,4
Kala,781,4
Kale,2981,2
Kaleigh,6264,2
Kaley,4614,2
Kali,5890,29
Kalie,1581,1
Kalin,851,2
Kalli,1673,1
Kallie,3173,3
Kalman,135,1
Kalvin,1312,1
Kaly,164,3
Kami,1262,7
Kamila,2637,2
Kamilla,427,1
Kamrin,799,1
Kandi,139,3
Kandy,178,6
Kane,3663,34
Kani,293,1
Kansas,360,2
Kanya,284,2
Kanye,1095,6
Kara,13445,5
Karen,20667,1
Kari,1865,2
Karin,536,1
Karisma,754,1
Karl,2796,7
Karla,16112,6
Karlie,3662,1
Karly,3065,1
Karma,1970,32
Karmen,1495,1
Karrie,263,1
Kasandra,2511,1
Kase,476,1
Kasey,7685,15
Kash,1229,5
Kasha,156,5
Kasper,277,11
Kassie,1190,2
Kassius,73,1
Katana,484,3
Katara,226,1
Kate,20731,14
Kateland,143,1
Katelyn,47722,1
Katerina,2002,1
Katharine,2877,1
Katherine,65317,3
Kathryn,26197,1
Kathy,3000,3
Katia,1969,2
Katie,30289,82
Kato,105,20
Katrina,9472,3
Katty,230,1
Katy,2205,12
Katya,1084,2
Kavin,637,1
Kay,630,3
Kaya,4736,23
Kaycee,1988,6
Kaycie,667,1
Kayden,17181,3
Kayla,94268,29
Kaylah,2826,1
Kayle,1599,1
Kaylee,56381,13
Kayleen,1961,1
Kayleigh,11728,2
Kayley,3671,1
Kaylie,9596,2
Kaz,95,2
Kazi,109,1
Kazuma,75,1
Kc,474,15
Keano,128,1
Keanu,1951,2
Keaton,8176,2
Keegan,15305,3
Keeley,2069,2
Keely,3653,2
Keena,200,1
Keenan,3669,1
Keiko,154,23
Keila,2207,2
Keilan,417,1
Keily,1207,1
Keira,14473,7
Keisha,963,3
Keita,87,1
Keith,12471,5
Kelan,694,1
Kelani,154,1
Kelby,1298,1
Keli,219,1
Keller,1124,1
Kelley,1329,3
Kelli,2563,5
Kellie,2156,2
Kelly,23121,50
Kelsey,23829,12
Kelsie,4365,1
Kelso,72,5
Kelvin,6244,2
Kemar,209,1
Ken,1226,4
Kenai,265,4
Kenan,1042,1
Kendall,25992,2
Kendi,161,1
Kendra,14200,3
Kendrick,4834,2
Kenji,886,13
Kenley,1731,1
Kenna,2986,3
Kennedy,29207,7
Kenneth,33985,1
Kenney,120,1
Kenny,5157,14
Keno,92,4
Kensey,285,2
Kenshin,132,1
Kensington,396,3
Kenta,154,1
Keny,87,2
Kenya,5269,16
Kenzi,687,4
Kenzie,5011,4
Kenzo,168,4
Keoki,101,1
Keola,111,1
Kera,800,1
Keri,1064,2
Kermit,100,7
Kerri,866,3
Kerry,2071,8
Kesha,125,5
Kevin,111120,19
Keya,359,2
Keyla,2841,1
Keyra,351,1
Khali,391,2
Khalia,891,1
Khan,83,6
Kharma,233,1
Khia,439,1
Khloe,6859,42
Khloey,188,1
Khristina,126,1
Khushi,816,2
Ki,112,3
Kia,658,4
Kiana,8543,2
Kiara,18869,11
Kiefer,557,1
Kiera,8514,2
Kieran,4986,1
Kiernan,874,2
Kierra,5179,1
Kiki,136,92
Kila,241,1
Kiley,8163,2
Killian,1965,2
Kim,1024,6
Kimber,1171,2
Kimberly,48500,4
Kimi,171,5
Kimiko,191,1
Kimo,139,4
Kimora,4731,1
Kina,176,4
Kindred,56,1
King,1933,211
Kingsley,572,8
Kingston,4500,30
Kinley,2962,1
Kinsey,2509,2
Kip,254,3
Kira,12043,32
Kirby,868,45
Kiri,158,1
Kirin,267,3
Kirk,1415,1
Kirra,1076,1
Kisha,136,1
Kit,117,6
Kitana,446,1
Kitty,141,21
Klara,646,2
Klaus,113,6
Kloe,1570,3
Knight,70,9
Knox,748,7
Koa,432,10
Koal,78,1
Kobe,9231,81
Kobee,111,1
Kobi,841,15
Kobie,687,1
Koby,2557,17
Koda,764,47
Kodi,1283,15
Kodiak,177,8
Kodie,673,1
Kody,5989,23
Kofi,387,5
Kohl,719,1
Koi,157,1
Koji,145,6
Kojo,93,1
Kolbi,322,1
Kolby,5046,1
Kole,3426,2
Kona,138,38
Kong,96,7
Konrad,792,2
Kooper,837,4
Kora,1101,3
Korbin,2547,1
Kord,77,1
Korea,104,1
Korey,2109,1
Kori,2251,3
Kory,1654,4
Kota,184,3
Kotaro,73,3
Koy,274,1
Kris,864,1
Krishna,1036,1
Krissy,180,6
Krista,4920,2
Kristal,1165,1
Kristan,349,1
Kristi,945,2
Kristian,6522,1
Kristina,9489,1
Kristoff,125,1
Kristy,1774,3
Kruz,267,1
Krystal,6798,9
Kuba,73,4
Kurt,2133,2
Kurtis,1664,2
Kush,484,10
Kweli,148,2
Kya,2613,4
Kyan,1605,1
Kye,1179,1
Kyla,16038,2
Kylah,2129,1
Kyle,76484,8
Kylee,21265,5
Kyli,856,2
Kylie,46483,19
Kyra,15599,10
Kyrie,1072,1
Kyzer,177,2
Lacee,468,1
Lacey,7370,57
Laci,3398,9
Lacie,2273,6
Lacy,2415,22
Lady,170,351
Lafayette,139,2
Laila,14397,32
Lailah,1758,1
Laina,788,1
Lainey,3177,3
Lainie,484,2
Lainy,105,1
Laisa,133,1
Lakai,106,1
Lake,628,1
Lakota,1014,5
Lam,92,1
Lamar,2878,1
Lambert,67,1
Lamont,1973,1
Lana,5739,34
Lance,10515,11
Lancelot,115,6
Landin,1411,1
Landon,61202,4
Landry,2267,5
Lane,10984,1
Laney,5128,3
Langley,170,2
Langston,1130,3
Lani,1139,3
Lara,3210,6
Larisa,549,2
Lark,143,3
Larkin,753,3
Larry,9111,19
Lars,1129,2
Laszlo,143,2
Latoya,530,1
Laura,24885,2
Lauren,97258,6
Laurent,131,1
Laurie,838,1
Lavender,294,1
Lavinia,262,2
Lawrence,7588,4
Layla,26105,164
Lazar,168,1
Lazaro,1339,3
Lazarus,707,8
Lazer,167,2
Lea,4238,15
Leah,45276,22
Lebron,629,2
Lee,4511,15
Leela,860,9
Leena,1304,1
Leeroy,229,1
Leeza,115,1
Legend,932,9
Leia,2096,28
Leigh,832,1
Leigha,1816,1
Leila,9872,49
Leilah,1088,4
Leilani,9223,3
Leisha,113,1
Lela,1372,3
Lelah,174,1
Leland,4510,4
Lena,6031,11
Lenard,184,1
Leni,113,1
Lenin,395,1
Lenna,209,1
Lennon,1552,10
Lennox,605,1
Lenny,837,34
Lenore,160,1
Lenox,111,10
Leo,12220,308
Leola,115,1
Leon,5027,23
Leona,1474,10
Leonard,3903,4
Leonardo,19446,23
Leonidas,728,10
Leonor,324,1
Leopold,346,7
Leroy,2097,20
Les,70,1
Lesley,4216,1
Leslie,31976,4
Lestat,244,1
Lester,1312,9
Levi,29266,25
Leviathan,77,1
Leviticus,263,2
Levon,463,7
Lewis,3385,3
Lex,712,17
Lexa,387,6
Lexee,195,1
Lexi,8957,168
Lexie,5374,75
Lexington,452,16
Lexis,1447,5
Lexus,2441,18
Lexx,57,5
Lexy,1215,19
Leya,406,3
Leyla,2401,12
Lia,5078,10
Liah,406,2
Liam,44878,21
Lianna,1440,2
Liba,182,1
Libby,2853,24
Liberty,5110,20
Lidia,1973,2
Liesel,209,1
Liesl,228,6
Lila,8997,53
Lilah,3360,15
Lilee,361,2
Lili,1086,27
Lilian,5767,2
Lilith,1343,2
Lilla,275,4
Lillee,359,1
Lilli,1295,11
Lillian,49276,5
Lilliana,5138,1
Lillie,5217,12
Lillith,422,1
Lilly,17173,157
Lillyanna,931,1
Lily,56072,381
Lilyrose,104,1
Lina,2508,7
Lincoln,8884,34
Linda,7153,48
Linden,666,3
Lindsay,12318,7
Lindsey,21775,6
Lindsy,302,1
Lindy,795,7
Link,156,13
Linnea,1353,1
Lino,591,2
Linus,691,43
Lionel,1440,6
Lisa,7003,9
Lisette,1770,1
Lita,425,7
Litzy,4535,1
Liv,887,1
Liyah,860,1
Liz,938,6
Liza,1243,12
Lizette,2674,1
Lizzie,560,30
Lizzy,169,18
Lj,63,2
Lloyd,1512,9
Locke,111,1
Logan,142065,83
Lois,774,2
Loki,301,97
Lola,7779,795
Lolita,233,23
Lona,188,1
Londen,226,1
London,11932,37
Londyn,2640,2
Long,306,1
Lonnie,1575,3
Lord,101,11
Lorelei,2906,4
Loren,3184,1
Lorenzo,10063,14
Loretta,911,10
Lori,1871,6
Lorna,630,1
Lorraine,1246,1
Lottie,227,12
Lotus,310,4
Lou,158,34
Louie,959,190
Louis,10220,66
Louisa,1146,5
Louise,1028,22
Lourdes,2039,2
Love,662,12
Lovely,429,7
Lovie,125,2
Loyal,154,1
Luann,106,2
Luc,1402,5
Luca,7600,75
Lucas,70869,84
Lucca,1046,9
Lucero,2254,2
Luci,512,11
Lucia,8062,15
Lucian,1863,1
Lucianna,371,1
Luciano,2592,3
Lucie,1084,13
Lucien,1052,1
Lucile,231,1
Lucille,3199,18
Lucina,139,1
Lucinda,1380,2
Lucio,964,1
Lucius,882,5
Lucky,560,723
Lucus,422,1
Lucy,19322,710
Ludwig,71,8
Luella,391,1
Luigi,568,37
Luis,74365,5
Luisa,2242,1
Luka,2144,25
Lukas,11575,13
Luke,90378,99
Lukus,291,1
Lula,287,24
Lulu,299,339
Luna,4715,432
Lupe,230,20
Lupita,1235,4
Luther,865,9
Lux,137,7
Luz,4709,2
Lydia,26185,2
Lyla,5943,35
Lyle,940,2
Lyndee,217,1
Lyndon,894,1
Lynn,1592,1
Lyra,749,3
Lyric,5620,9
Ma,113,2
Mabel,1068,60
Mable,153,7
Mac,701,48
Macallan,58,3
Macallister,107,1
Macarthur,97,2
Mace,244,2
Macee,772,1
Macey,4813,4
Macgregor,109,2
Maci,4235,5
Macie,6562,7
Mack,1266,47
Mackay,91,1
Mackenzie,55487,11
Mackenzy,553,1
Macklin,231,1
Macon,227,1
Macy,13185,23
Madalena,161,1
Madden,1870,8
Maddi,184,2
Maddie,1475,82
Maddison,7403,2
Maddox,9914,7
Maddux,1019,1
Maddy,241,25
Madeleine,10601,7
Madeline,48276,24
Madelyn,32556,1
Madigan,539,2
Madison,193746,161
Madonna,122,4
Madysen,1639,1
Mae,1707,5
Maeve,4064,3
Magda,259,3
Magdalena,2818,4
Maggi,195,2
Maggie,16854,393
Maggy,155,6
Magic,71,32
Magnolia,904,13
Magnum,83,9
Magnus,1022,12
Mahogany,1069,1
Mai,745,5
Maia,5033,14
Maija,333,1
Maimouna,182,1
Mairead,460,1
Maisey,194,2
Maisie,1082,28
Maison,1101,5
Maisy,672,21
Maiya,1644,1
Maizie,339,4
Maizy,339,4
Maja,636,5
Majestic,106,1
Majesty,244,1
Major,860,40
Makala,1476,1
Makari,156,1
Makayla,54905,1
Makena,2918,3
Makenzie,17530,1
Maki,258,7
Malachi,20758,2
Malachy,240,2
Malakai,2431,1
Malaki,1827,1
Malcolm,5131,12
Malcom,553,4
Malena,1232,1
Mali,411,11
Malia,8168,2
Malina,1203,1
Mallie,321,1
Mallory,14312,2
Malone,84,1
Mame,187,1
Mamie,244,3
Mandy,2251,42
Manning,231,2
Manny,645,24
Manolo,217,8
Manu,177,4
Manya,250,3
Maple,108,24
Mara,4024,5
Marc,8791,4
Marcel,2246,15
Marcela,1771,2
Marcell,817,1
Marcello,1394,16
Marcelo,2182,1
Marchello,139,1
Marci,202,1
Marcie,234,1
Marco,19085,20
Marcos,13572,1
Marcus,35475,22
Marcy,360,5
Marely,1836,1
Margaret,23837,3
Margarita,2843,4
Margaux,576,6
Margie,285,1
Margo,882,6
Margot,1170,7
Marguerite,927,1
Mari,1491,3
Maria,56953,7
Mariah,35557,4
Marian,2063,2
Mariano,1679,2
Maribel,3366,1
Marie,6083,11
Marietta,196,1
Marilu,280,1
Marilyn,5338,4
Marina,7495,1
Marino,269,1
Mario,22356,16
Marion,2480,1
Mariposa,121,2
Mariska,471,4
Marisol,7827,1
Marissa,31991,1
Mariyah,2256,2
Marjorie,1169,3
Mark,37106,9
Markie,168,1
Marko,1037,1
Marla,902,6
Marlee,3996,10
Marleigh,1095,1
Marlena,1170,1
Marlene,5270,2
Marley,10258,151
Marli,773,1
Marlie,1294,3
Marlin,1201,1
Marlo,774,7
Marlon,4555,2
Marlow,134,6
Marlowe,348,9
Marly,497,6
Marni,127,5
Marnie,164,5
Marquis,4908,4
Mars,71,10
Marshal,691,2
Marshall,7362,14
Marta,900,2
Martha,5996,12
Marti,198,1
Martin,18693,16
Martina,1760,2
Martinez,129,1
Marty,587,40
Marvel,107,1
Marvin,8134,16
Mary,45943,23
Maryjane,2274,1
Marylin,297,1
Mason,91589,76
Massimo,995,10
Master,83,5
Mateo,10445,8
Mathew,10586,1
Mathias,2142,5
Mathilda,214,2
Mathilde,178,1
Matias,2039,2
Matilda,1697,52
Matisse,95,2
Matt,554,5
Matteo,3229,4
Matthew,221325,5
Matti,239,1
Mattie,3261,18
Mattingly,130,4
Matty,182,8
Maurice,7158,10
Maurico,62,1
Maury,166,1
Maverick,3301,18
Mavis,128,11
Max,27281,1153
Maxamillian,75,1
Maxamillion,155,12
Maxie,70,40
Maxim,2221,4
Maximilian,5078,13
Maximiliano,3818,2
Maximillian,2003,10
Maximillion,172,7
Maximino,357,2
Maximo,1874,13
Maximus,8586,163
Maxine,1563,41
Maxwel,131,1
Maxwell,29983,80
Maxx,1041,28
Maxximus,111,2
May,878,13
Maya,39968,151
Maybelline,106,2
Mayer,378,1
Mayla,264,4
Maylin,842,1
Maynard,191,2
Mayson,1404,1
Mayzie,151,3
Mazie,696,8
Mazin,221,1
Mazzy,306,7
Mccartney,183,1
Mccoy,410,4
Mcguire,100,1
Mckenzie,22864,5
Mckinley,3190,2
Mea,720,3
Meadow,3016,5
Mecca,411,4
Medina,391,1
Meena,417,2
Meera,715,1
Meg,878,3
Megan,66842,8
Meghan,14062,2
Mei,385,19
Meisha,105,1
Mel,254,8
Mela,122,4
Melani,1244,1
Melanie,35249,12
Melany,5259,1
Melia,1586,1
Melina,5396,1
Melinda,2473,1
Melissa,32596,4
Melodie,748,2
Melody,10806,17
Melvin,6181,8
Memphis,2369,20
Menachem,1668,1
Menno,120,1
Mercedes,8417,9
Mercedez,1088,1
Mercer,153,2
Mercy,1517,6
Meri,133,1
Merle,204,5
Merlin,610,24
Merlyn,156,1
Merrick,1330,1
Merry,200,5
Meryl,202,2
Mesa,199,1
Messiah,2482,2
Meyer,272,1
Mia,83411,344
Miabella,340,1
Miah,3065,4
Miaya,126,1
Mica,533,9
Micah,30496,7
Micha,479,3
Michael,250546,20
Michaela,13042,5
Michaelangelo,366,2
Micheal,7250,2
Micheala,338,1
Michel,1168,1
Michelangelo,224,4
Michelina,137,1
Michell,787,1
Michelle,43571,9
Mick,311,10
Mickey,808,191
Micky,126,20
Midori,255,1
Miette,132,2
Miguel,46088,2
Mika,1737,33
Mikaela,5556,3
Mikayla,23682,1
Mike,3116,19
Mikey,269,78
Mikhail,983,1
Miki,190,6
Mikko,145,1
Miklo,96,1
Miko,157,15
Mila,2875,46
Milagro,313,1
Milagros,1979,3
Milan,3181,12
Milana,1113,2
Mildred,805,5
Miles,17734,69
Miley,5884,39
Mili,146,5
Milla,804,1
Miller,1374,6
Millicent,457,2
Millie,1553,95
Million,71,2
Mills,87,1
Milly,513,22
Milo,3271,355
Milos,97,2
Milton,2382,11
Mimi,512,141
Min,88,2
Mina,2699,17
Mindy,1390,33
Minerva,552,6
Ming,75,11
Minna,239,2
Minnie,295,138
Mir,135,1
Mira,2586,6
Mirabelle,301,2
Miracle,6205,13
Miranda,23679,8
Mireya,2627,2
Miri,139,1
Miriam,11176,2
Misa,185,1
Misaki,104,2
Mischa,545,4
Misha,740,31
Missy,144,176
Mister,134,37
Misti,112,1
Misty,1420,88
Mitch,297,3
Mitchell,17007,4
Mitra,104,1
Mitzi,311,20
Mitzy,383,8
Miya,2532,7
Mohan,84,1
Moishe,222,1
Mollee,254,2
Mollie,3930,30
Molly,33256,519
Mona,937,32
Monalisa,106,1
Monet,1157,3
Monica,14636,5
Monique,5550,1
Monroe,581,11
Montana,3743,13
Monte,814,20
Montgomery,884,3
Monty,348,75
Mordecai,161,2
Morelia,411,1
Morgan,78455,35
Morgana,132,2
Morgen,823,2
Morris,993,7
Morrison,186,2
Mose,131,1
Moses,5294,23
Moya,125,1
Muriel,296,4
Murphy,940,154
Murray,230,44
Musa,760,1
Mustafa,1601,1
Mya,28691,36
Myah,3902,1
Myka,813,2
Mykah,749,1
Myla,2737,6
Myles,11049,7
Mylo,145,39
Myra,2445,2
Mystic,147,7
Mystique,168,4
Nader,293,1
Nadia,15622,9
Nadine,1922,2
Nadja,202,1
Nahla,360,9
Naida,137,1
Naila,757,1
Naja,368,1
Nakia,1119,1
Nakita,244,3
Nakoa,136,1
Nala,816,154
Nalah,123,1
Naman,172,1
Nami,103,1
Nana,604,22
Nancy,10892,9
Nandi,191,3
Nani,111,3
Naoki,70,1
Naomi,23547,6
Napoleon,310,46
Nash,2365,20
Natalia,25453,1
Natalie,95003,5
Natasha,9604,19
Nate,1152,8
Nathan,134702,29
Nautica,955,3
Nava,268,1
Naveen,309,2
Navi,119,1
Navy,116,1
Naya,1163,9
Nayla,801,3
Nazario,164,1
Ned,178,8
Neeko,93,3
Neena,393,5
Nefertiti,119,4
Nehemiah,5687,1
Neiko,152,4
Neil,3796,4
Neiman,71,2
Neisha,118,1
Neko,245,11
Nela,103,3
Nell,256,9
Nella,170,3
Nellie,966,38
Nelly,1592,23
Nelson,5835,24
Nena,315,106
Neo,876,23
Nessa,225,11
Nestor,2021,1
Nettie,126,2
Neva,630,2
Nevada,567,2
Nevaeh,38068,2
Neville,135,6
Nevyn,76,1
Newton,184,13
Neyla,139,1
Nia,8546,14
Niah,575,2
Nicco,303,2
Niccolo,254,2
Nicholai,300,1
Nicholas,177531,9
Nick,2162,26
Nicki,149,10
Nickolas,8975,2
Nicky,438,47
Nico,3132,77
Nicodemus,273,1
Nicolas,28198,3
Nicole,54549,4
Nicoletta,318,1
Nicolette,2876,6
Niel,73,1
Nigel,2836,26
Nika,474,13
Niki,472,11
Nikita,2353,17
Nikki,2864,86
Nikko,820,35
Niko,1917,83
Nikolai,1622,3
Nikos,195,1
Nila,553,7
Nilah,301,2
Niles,449,9
Nils,263,2
Nima,200,4
Nina,12835,124
Nino,404,51
Niobe,123,1
Nisa,389,1
Nisha,518,1
Nissa,207,1
Niveah,122,1
Nixie,113,3
Nixon,626,3
Niya,1679,2
Niyah,1137,1
Noa,2203,1
Noah,143606,40
Noble,673,3
Noel,7663,28
Noelani,1092,1
Noella,293,2
Noelle,6946,6
Nola,1454,24
Nolan,26322,2
Nona,178,1
Noor,2405,1
Nora,10882,25
Norah,4429,1
Norbert,157,1
Nori,125,10
Norma,1976,3
Norman,2026,32
Norris,283,1
North,75,3
Nova,1425,33
Novella,113,1
November,173,1
Nubia,586,1
Nura,140,3
Nya,3020,7
Nyah,2860,4
Nyla,6459,38
Nyomi,632,1
Oakley,1145,20
Obadiah,345,1
Obie,140,8
Ocean,1343,7
Oceana,370,2
Octavia,1483,1
Octavious,352,1
Odell,197,1
Oden,225,2
Odessa,542,2
Odette,337,3
Odin,1204,32
Odyssey,175,1
Ofelia,561,2
Ola,117,1
Olaf,136,11
Olive,1555,152
Oliver,20837,367
Olivia,155843,66
Olivier,490,4
Ollie,416,104
Olympia,207,4
Om,967,2
Omar,28121,13
Omega,95,6
Ona,147,1
Oneil,188,1
Onyx,435,85
Oona,272,9
Opal,556,9
Ophelia,469,15
Oran,199,2
Ori,333,4
Orian,161,1
Orion,4477,17
Orla,179,1
Orlando,7477,4
Orly,174,2
Orson,136,2
Orville,132,4
Oscar,33473,276
Osiris,937,5
Oskar,820,15
Oswald,189,3
Othello,64,5
Otis,1016,112
Otto,1163,74
Owen,61873,15
Oz,157,10
Ozzie,301,54
Ozzy,542,72
Pablo,10465,38
Pacey,455,2
Paco,81,52
Paden,552,1
Page,458,2
Paige,45592,8
Paisley,3337,16
Palmer,926,2
Paloma,3047,8
Pamela,5236,1
Pandora,312,13
Paola,9855,1
Paolo,1005,5
Papa,111,9
Paradise,363,1
Pari,251,1
Paris,11358,73
Park,82,1
Parker,39802,94
Parris,675,1
Parrish,270,1
Pasha,88,9
Pasquale,252,3
Passion,656,3
Patience,3503,2
Patrice,675,1
Patricia,9284,2
Patrick,44633,22
Patsy,255,15
Patterson,72,2
Patton,258,3
Patty,157,15
Paul,30789,6
Paula,4162,1
Paulette,400,1
Pauline,1090,1
Paulo,918,1
Pax,64,10
Paxton,3956,6
Payson,502,1
Payton,36287,10
Peace,130,2
Pearl,2218,45
Pearla,134,2
Pearson,361,1
Pedro,15591,18
Peggy,336,19
Penelope,5652,99
Penn,118,2
Penny,621,343
Pepper,191,235
Percy,488,35
Perl,138,1
Perla,7470,17
Perrin,416,1
Perry,2316,14
Persephone,464,6
Persia,375,5
Pete,886,37
Peter,26040,43
Petra,1041,11
Peyton,52287,16
Phaedra,235,1
Pharaoh,182,3
Pharoah,164,1
Phebe,322,5
Phelan,114,1
Phenix,129,2
Pheobe,242,8
Pheonix,338,3
Phil,198,6
Philemon,107,1
Philip,10152,5
Philipp,124,1
Philippe,302,1
Phillip,13425,2
Phillipe,107,1
Philomena,215,1
Phineas,600,7
Phoebe,8058,116
Phoenix,7850,28
Phyllis,291,7
Pia,384,10
Pierce,4877,3
Piero,223,1
Pierre,1744,19
Pietro,261,1
Piper,12237,90
Pippa,106,42
Pj,56,17
Polly,312,25
Polo,115,60
Poppy,406,44
Porscha,135,6
Porsche,178,8
Porsha,368,1
Porter,4134,10
Portia,709,5
Praise,272,1
Preciosa,115,9
Precious,5424,154
Prem,184,1
Prescott,185,3
Presley,7778,18
Preston,30411,22
Price,394,5
Primo,75,19
Prince,2324,328
Princesa,251,16
Princess,3244,603
Princessa,116,15
Princeton,576,8
Priscilla,9553,13
Promise,1380,3
Prophet,91,2
Prosper,60,1
Prudence,249,10
Queen,571,16
Queenie,211,30
Quentin,8369,3
Quest,144,3
Quin,599,3
Quincey,595,2
Quincy,6245,43
Quinlan,1362,2
Quinn,15483,32
Quinton,5889,2
Rachael,9122,1
Rachel,68150,10
Radley,198,3
Rafael,14997,5
Rafaela,275,1
Rafferty,71,2
Raffi,129,5
Rafi,148,4
Raiden,1651,2
Raider,96,2
Raif,132,1
Railey,313,1
Rain,1195,4
Raina,2916,5
Raine,938,1
Rainer,200,3
Rainey,468,1
Rainie,175,1
Raizy,527,1
Raj,586,2
Raja,364,10
Rajah,89,5
Raleigh,1074,15
Ralph,2765,46
Ram,206,1
Rama,225,1
Rameses,85,1
Rami,839,2
Ramiro,4291,1
Ramon,8124,3
Ramona,875,13
Ramone,371,1
Ramsay,70,2
Ramses,1068,2
Ramsey,1533,6
Ramzi,196,1
Rand,151,2
Randal,532,1
Randall,4055,1
Randolph,799,2
Randon,299,2
Randy,10333,21
Ranger,175,51
Rani,376,2
Ransom,452,1
Raoul,97,1
Raphael,3155,2
Raquel,6853,3
Raven,11008,32
Rawley,98,2
Ray,3865,10
Raya,1045,2
Raylan,72,2
Raymond,20273,8
Rayna,3042,1
Rayne,2376,3
Reagan,22349,8
Reba,290,14
Rebecca,43540,6
Rebekah,13474,1
Rebel,103,16
Reece,9166,4
Reed,5778,3
Reef,311,1
Reese,20219,26
Regan,6691,1
Reggie,846,55
Regina,4524,9
Reginald,5259,4
Regis,136,6
Rei,123,1
Reign,577,2
Reilley,182,1
Reilly,4344,36
Reily,485,2
Reina,2710,13
Remi,1430,22
Remington,3177,15
Remy,2138,124
Ren,278,3
Rena,1100,1
Renata,1318,3
Rene,5856,1
Renee,5881,1
Renna,153,1
Renny,68,1
Reno,349,7
Renzo,586,2
Reo,70,1
Reuben,2147,11
Rex,2043,201
Rey,1946,4
Reyna,4556,6
Reynolds,72,1
Rhea,2037,2
Rhett,3014,4
Rhianna,2623,1
Rhiannon,4063,2
Rhoda,349,4
Rhonda,544,3
Rhys,2435,1
Ria,1486,2
Ricardo,27133,5
Rich,202,1
Richard,48449,11
Richie,675,13
Richmond,244,1
Rick,1328,1
Ricki,488,7
Ricky,8141,68
Rico,1294,50
Riddick,195,1
Rider,433,1
Ridge,983,2
Ridley,343,4
Rieley,207,1
Rielly,263,1
Riely,225,1
Rigel,128,1
Riggs,153,1
Rihanna,3328,2
Riker,116,2
Riki,116,1
Rikki,592,2
Riku,145,2
Riley,84953,299
Rima,153,1
Rina,621,1
Rio,1116,27
Ripley,358,38
Risa,329,1
Rishi,1577,1
Rita,2160,13
Ritchie,203,1
River,5816,21
Rivers,539,2
Rivka,1866,1
Rj,215,7
Roan,779,1
Roark,78,1
Rob,118,3
Robbie,922,16
Robert,106405,4
Roberta,544,5
Robin,3777,14
Roby,121,2
Robyn,2343,4
Rocco,4392,188
Rochelle,1289,2
Rocio,2524,1
Rock,200,15
Rocket,57,43
Rockwell,152,3
Rocky,1755,823
Roderick,2647,1
Rodney,6447,4
Rogan,497,2
Roger,6342,33
Roland,2651,6
Rollie,62,5
Roma,371,5
Roman,14633,22
Rome,506,3
Romello,547,1
Romeo,4452,200
Romero,313,4
Romina,807,1
Rommel,271,1
Romulo,92,1
Romy,418,8
Ron,778,5
Ronald,13600,5
Ronan,3331,8
Roni,582,4
Ronin,1395,6
Ronni,320,1
Ronnie,4507,6
Ronny,814,4
Rooney,93,14
Roosevelt,568,6
Roque,385,2
Rori,647,2
Rorie,226,1
Rory,4804,26
Rosa,7940,11
Rosabella,137,1
Rosalia,801,1
Rosalie,1609,4
Rosalind,401,1
Rosaria,127,1
Rosario,1534,1
Roscoe,361,91
Rose,9471,36
Rosemarie,1040,2
Rosemary,3917,2
Rosetta,303,2
Rosie,1151,262
Rosita,314,4
Ross,3547,7
Rossi,61,2
Rossy,161,1
Rosy,347,10
Rourke,81,2
Rowan,9411,6
Rowdy,921,9
Rowena,126,2
Roxanna,1429,1
Roxanne,2147,33
Roxie,362,126
Roxy,740,294
Roy,5549,22
Roya,218,1
Royal,877,10
Royale,60,1
Royce,1803,6
Ruairi,60,1
Ruben,15329,2
Rubi,3420,5
Rubin,280,2
Ruby,21919,339
Ruddy,90,1
Rudi,90,7
Rudolf,69,2
Rudolph,587,3
Rudy,3756,101
Rueben,380,2
Rufino,202,1
Rufus,321,105
Ruger,314,2
Rui,123,2
Rupert,109,24
Rush,264,1
Russ,70,4
Russel,355,10
Russell,7769,25
Rusty,596,204
Rut,269,1
Ruth,9061,6
Ruthie,711,10
Ryan,178773,8
Ryder,10701,26
Rye,159,7
Rylee,24173,7
Ryleigh,8393,2
Ryley,3173,1
Rylie,8871,2
Ryo,181,1
Ryu,371,3
Saba,357,7
Sabastian,1548,2
Saber,84,3
Sabina,1284,3
Sabine,838,3
Sable,220,23
Sabrina,22268,23
Sacha,333,10
Sachi,371,10
Sadi,205,1
Sadie,21210,281
Saffron,258,6
Safi,67,2
Sagan,128,3
Sage,10633,33
Sahara,1539,4
Saida,332,2
Saige,3362,3
Sailor,701,16
Saint,127,3
Sakari,211,1
Sakura,594,4
Sal,123,4
Salem,1023,4
Salina,745,1
Sallie,311,3
Sally,2563,63
Salome,654,2
Salomon,683,6
Salvador,7852,4
Salvatore,2798,2
Sam,5721,204
Samantha,134160,119
Samara,5942,3
Samari,902,1
Samatha,347,2
Sami,1537,18
Samia,1092,1
Samir,2344,1
Samira,2347,2
Sammantha,435,1
Sammi,326,20
Sammie,549,37
Sammy,2153,262
Sampson,351,23
Samson,1906,101
Samuel,138181,9
Samy,230,3
Sanai,1709,1
Sander,273,1
Sandi,253,17
Sandra,9954,6
Sandro,397,2
Sandy,3018,236
Sanford,132,1
Sanjay,685,1
Santa,112,3
Santana,2392,8
Santiago,14567,3
Santino,2517,12
Santo,224,5
Santos,2607,3
Sanya,734,1
Saoirse,380,2
Saphira,430,2
Saphire,330,3
Sapphira,135,1
Sapphire,930,10
Sara,43958,27
Sarafina,161,1
Sarah,124157,30
Saray,963,1
Sareena,173,1
Sarita,340,2
Sascha,422,4
Sasha,8953,306
Satchel,237,1
Satya,194,2
Saul,10517,2
Savana,2611,1
Savanah,3993,1
Savanna,13000,4
Savannah,64616,38
Savio,68,1
Sawyer,11306,28
Saxon,375,3
Saxton,193,1
Saya,307,1
Sayer,126,1
Sayge,162,1
Sayla,204,1
Scarlet,2602,22
Scarlett,8571,40
Scarlette,589,1
Schneider,112,2
Schuyler,926,2
Scott,16195,7
Scottie,387,12
Scotty,607,21
Scout,1243,186
Seamus,2437,35
Sean,64230,9
Sebastian,53843,64
Sebastion,369,1
Secret,215,3
Sedona,716,4
Sela,614,1
Selena,12345,4
Selene,1706,2
Sendy,105,1
Seneca,695,1
Senna,173,3
September,331,2
Sequoia,1305,1
Sera,511,1
Serafina,463,1
Seraphina,339,1
Serena,10580,6
Serenity,19497,7
Serge,139,1
Sergio,19412,4
Seth,48034,4
Seven,927,16
Shade,383,2
Shadi,153,1
Shadow,100,283
Shady,84,10
Shai,699,6
Shaina,1642,4
Shaine,197,1
Shakira,2666,17
Shala,192,2
Shalom,789,3
Shalyn,614,1
Shamus,499,9
Shana,1182,10
Shane,26358,27
Shani,589,1
Shanna,1205,2
Shannon,14363,5
Shanti,457,13
Shara,233,1
Sharon,5158,2
Shasta,276,6
Shaw,205,1
Shay,2157,12
Shayla,9527,3
Shaylee,3100,1
Shayna,3280,25
Shayne,2380,2
Shea,4843,66
Sheamus,151,4
Sheena,483,13
Sheila,2858,20
Shelbey,167,1
Shelbi,1077,1
Shelby,32069,59
Sheldon,2461,10
Shelley,430,2
Shellie,143,1
Shelly,1024,15
Shepherd,284,2
Sheri,197,1
Sherly,316,1
Sherman,713,21
Sherri,271,1
Sherrie,151,1
Sherry,1010,7
Sherwood,56,2
Sheryl,359,1
Shi,115,4
Shilah,304,1
Shilo,351,8
Shiloh,3039,47
Shira,1318,2
Shirley,2724,11
Shiva,158,9
Shlomo,1205,3
Shona,106,2
Shooter,94,4
Shoshana,1021,1
Shy,144,8
Shyann,3090,2
Shyla,2565,9
Shylo,132,2
Shyloh,159,1
Shyne,140,2
Sia,352,1
Siana,388,1
Sid,197,7
Siddhartha,141,1
Sidney,11110,27
Siena,2932,3
Sienna,10651,14
Sierra,34479,18
Signe,186,1
Silas,7263,5
Silver,268,17
Silvio,232,1
Sima,379,2
Simi,110,1
Simon,13336,82
Simona,513,1
Simone,5337,11
Sincere,3479,1
Sinclair,116,1
Sindy,535,4
Sinead,295,1
Sinjin,139,1
Sir,383,80
Sire,135,3
Sirena,531,2
Siri,716,4
Sirius,116,13
Sirus,116,2
Sky,3337,76
Skye,7324,35
Skyla,4624,5
Skylar,27968,30
Skyler,24172,19
Skylie,243,2
Skyy,777,6
Slate,164,2
Sloan,1381,1
Sloane,1657,2
Smith,393,5
Snow,107,73
Socrates,91,5
Sofi,175,7
Sofia,43263,47
Sofie,1372,40
Sofiya,270,1
Sol,981,3
Sole,291,2
Soleil,1414,4
Solomon,5590,4
Sona,187,1
Sondra,204,1
Sonia,4870,8
Sonja,1183,4
Sonny,2325,91
Sonora,248,2
Sonya,2268,3
Sophi,204,2
Sophia,118989,82
Sophie,28596,383
Sora,389,6
Soren,2220,2
Sparkle,141,28
Spence,125,1
Spencer,27995,68
Spenser,427,2
Spirit,333,22
Spring,231,6
Stacey,3198,2
Staci,439,3
Stacie,811,1
Stacy,4523,10
Stan,96,5
Stanford,185,4
Stanley,4118,55
Stanton,279,1
Star,1799,80
Starla,734,1
Starr,1561,10
Steel,160,3
Steele,487,2
Stella,11798,327
Stephan,2030,1
Stephanie,49977,3
Sterling,3563,12
Steve,5085,12
Steven,53858,7
Stevie,2285,39
Stewart,946,6
Stiles,73,3
Stone,2053,12
Stoney,197,5
Storm,1238,76
Stormy,1489,20
Story,291,4
Strider,91,5
Stryker,254,4
Stuart,1699,5
Styles,170,3
Sue,235,4
Suki,161,44
Sullivan,2376,5
Sully,210,14
Sultan,293,5
Sumaya,631,1
Summer,22102,48
Summit,103,2
Sunday,130,13
Sunnie,306,4
Sunny,1803,99
Sunshine,826,36
Supreme,95,4
Suri,888,4
Sury,328,1
Surya,437,2
Susan,5173,5
Susana,2842,2
Susie,774,48
Susy,114,12
Sutter,74,1
Sutton,1128,2
Suvan,59,1
Suzanna,946,1
Suzette,673,4
Suzie,200,33
Suzy,180,22
Sven,271,2
Sy,249,3
Sybil,150,3
Sydne,212,1
Sydney,77170,56
Sydny,115,1
Sylar,183,4
Syler,261,1
Sylis,179,1
Sylvana,164,1
Sylvester,733,1
Sylvia,5402,6
Sylvie,878,11
Symon,168,1
Symphony,604,3
Syrus,548,2
Tabatha,876,4
Tabitha,6804,16
Tad,318,2
Taft,93,1
Tag,71,3
Tai,1401,5
Tailor,322,1
Taina,1024,10
Taison,90,1
Taiyo,111,1
Taj,1475,2
Taja,442,1
Takara,347,2
Takeshi,66,1
Takoda,604,4
Tala,762,1
Tali,275,4
Talia,8490,6
Talley,111,1
Tallie,104,2
Tallulah,602,43
Talula,127,3
Tamara,5083,4
Tamari,368,1
Tammie,142,2
Tammy,1558,20
Tania,6168,2
Tanna,429,1
Tanner,32346,14
Tanya,3932,6
Tanyon,117,1
Tao,114,7
Tara,8542,38
Taran,503,1
Taro,87,10
Tasha,930,27
Tasia,1028,1
Tate,6901,10
Tatiana,11122,1
Tatum,9089,3
Tatyana,3867,1
Tavish,150,1
Tawny,255,3
Taylor,118423,27
Taysha,198,1
Tayson,302,2
Tea,1157,2
Teagan,8611,1
Teal,107,1
Teanna,677,1
Ted,763,12
Teddy,779,485
Teegan,1043,2
Tegan,2595,2
Telly,127,3
Temperance,376,2
Tempest,187,2
Temple,110,1
Tennessee,81,5
Tennyson,205,1
Tenoch,127,1
Tenzin,809,2
Teo,400,5
Tera,546,2
Teresa,6736,4
Teri,424,2
Terra,1159,10
Terri,1006,5
Terry,6895,23
Tesa,203,2
Tesla,354,14
Tess,4016,27
Tessa,13121,22
Tessie,143,12
Tex,68,8
Texas,78,6
Thaddeus,2040,1
Thai,365,2
Thais,420,1
Thalia,3841,4
Thatcher,849,2
Thayer,135,2
Thea,1358,3
Thelma,375,7
Thelonious,88,2
Theo,1380,49
Theoden,58,1
Theodora,443,1
Theodore,10515,47
Thomas,101984,27
Thomson,63,1
Thor,697,89
Thorne,119,1
Thunder,132,33
Thurman,172,3
Thurston,172,1
Tia,5208,16
Tian,92,3
Tiana,6819,2
Tiara,4739,2
Tiberius,110,6
Tidus,144,1
Tiffany,20126,55
Tiger,363,103
Tighe,122,2
Tila,145,3
Tillie,203,10
Tillman,230,1
Tilly,181,26
Tim,771,7
Timber,424,11
Timmy,774,29
Timon,111,3
Timoteo,150,2
Timothy,52220,9
Tin,131,3
Tina,3250,53
Tino,247,25
Tinsley,289,3
Titan,754,44
Tito,357,40
Titus,4413,19
Tiya,200,1
Tj,376,19
Tobey,494,17
Tobi,357,35
Tobias,4753,15
Tobie,223,6
Tobin,1004,2
Toby,5404,446
Tod,83,3
Todd,4104,3
Tom,1093,16
Tomi,206,1
Tommaso,134,1
Tommi,257,1
Tommie,929,7
Tommy,6693,55
Tomy,69,1
Toni,3533,9
Tony,9813,58
Tonya,772,1
Topanga,229,2
Tori,8827,9
Torre,113,3
Torri,468,3
Torrie,578,1
Tory,1213,5
Tosh,176,1
Tova,438,2
Tovah,109,1
Trace,4513,1
Tracey,930,4
Tracie,350,3
Tracy,3539,13
Trapper,256,3
Travis,25652,18
Tray,273,2
Treasure,2113,7
Trent,13033,1
Trenton,20831,3
Tres,103,2
Trever,1538,2
Trevor,39958,21
Trey,13832,8
Trina,917,8
Trinidad,676,1
Trinity,47456,23
Trip,102,2
Tripp,1038,5
Tristan,45134,8
Triton,371,1
Tron,71,2
Troy,14720,38
Trudy,202,9
Truman,1656,16
Truth,303,1
Tuan,153,1
Tucker,12469,154
Tuesday,265,7
Tuff,160,2
Tula,163,2
Tully,100,6
Tulsi,127,1
Turner,1816,6
Twyla,232,3
Ty,17260,18
Tyberius,68,1
Tyce,807,1
Tycho,61,1
Tye,1409,2
Tyger,150,1
Tyke,81,5
Tyler,169398,39
Tylor,1907,1
Tyra,3679,5
Tyrell,3598,1
Tyrion,137,6
Tyron,1331,1
Tyrone,4371,4
Tysen,642,2
Tyshawn,1953,1
Tyson,11352,168
Ubaldo,459,1
Ulrich,64,2
Ulysses,1879,9
Uma,559,6
Una,298,5
Unique,2748,3
Urbano,65,1
Uri,217,2
Ursula,357,6
Usher,314,2
Vada,587,1
Val,119,4
Valarie,975,1
Valencia,1178,3
Valentin,2294,2
Valentina,7471,21
Valentine,425,16
Valentino,1513,40
Valeria,26157,1
Valerie,21889,4
Valor,89,2
Van,1802,3
Vanessa,43194,2
Vanna,178,4
Vanya,214,1
Vash,95,1
Veda,835,5
Veer,351,1
Vega,165,5
Vegas,93,13
Velvet,109,4
Venice,280,3
Venus,746,24
Vera,1597,8
Veronica,17193,3
Veronique,161,1
Vianney,1002,1
Vicente,3915,2
Vicki,361,4
Vickie,230,2
Vicky,1309,11
Victor,40586,10
Victoria,84838,25
Victory,314,5
Vida,539,6
Vienna,790,6
Viggo,177,2
Vilma,254,1
Vince,1300,6
Vincent,35184,18
Vincenzo,1847,2
Vinnie,93,3
Vinny,210,22
Viola,714,5
Violet,9748,52
Violeta,1305,1
Violette,477,1
Virgil,683,4
Virginia,6681,5
Vita,183,8
Vito,732,21
Vivi,150,2
Vivian,14632,12
Vivien,932,2
Vivienne,1556,2
Vlad,199,1
Vladimir,1367,3
Vu,67,1
Wade,4484,2
Wagner,86,5
Waldo,113,5
Wali,157,1
Walker,6403,10
Wallace,880,24
Wally,100,73
Walt,91,2
Walter,8106,65
Walton,187,1
Wanda,470,9
Warner,399,2
Warren,4933,2
Washington,82,3
Watson,219,59
Waylon,3335,6
Wayne,3684,6
Webster,94,11
Wednesday,178,10
Wellington,174,11
Wells,166,1
Wendall,94,1
Wendell,899,4
Wendy,9553,13
Wes,478,6
Wesley,21248,20
West,307,3
Westley,807,5
Westly,94,2
Weston,7964,5
Weylin,91,1
Whisper,247,8
Whitman,154,2
Whitney,7310,12
Whittney,157,1
Wil,358,1
Wilber,557,1
Wilbert,608,1
Wilbur,247,29
Wilder,364,2
Wiley,793,18
Wilfred,341,3
Wilfredo,981,1
Wilhelmina,193,2
Will,4441,8
Willa,1342,14
Willard,561,1
William,194103,18
Willie,5135,64
Willis,741,11
Willow,5971,87
Willy,503,37
Wilma,245,5
Wilson,4874,36
Windy,116,5
Winfield,73,2
Winifred,251,2
Winnie,745,96
Winona,195,2
Winslow,76,7
Winston,2330,187
Winter,2202,39
Wisdom,484,2
Wolf,203,4
Wolfgang,500,13
Woodrow,283,4
Woody,91,31
Wrangler,70,1
Wren,800,2
Wrigley,92,27
Wyatt,51339,20
Wyeth,125,1
Wylee,112,1
Wylie,672,9
Wynston,114,1
Wynter,1201,3
Xander,9874,11
Xaria,322,1
Xavi,202,2
Xavier,52439,6
Xena,349,70
Xenia,481,3
Xia,145,1
Xin,142,1
Xion,159,1
Xochitl,1654,3
Xxavier,57,1
Xyla,103,2
Yadira,4342,1
Yamato,61,2
Yan,258,2
Yana,666,3
Yancey,112,1
Yandel,1852,1
Yanni,291,1
Yara,1233,1
Yari,144,2
Yasmeen,1672,1
Yasmin,8409,1
Yelena,479,1
Yianni,136,1
Yolanda,2175,3
Yona,113,1
Yoshi,65,53
Ysabel,409,2
Yuki,448,36
Yuma,100,2
Yumi,159,10
Yuna,457,4
Yunior,140,2
Yuri,982,4
Yuuki,77,2
Yves,126,1
Zac,301,5
Zach,725,14
Zachariah,6589,3
Zachary,134719,18
Zack,1861,26
Zadie,390,4
Zahava,179,1
Zahra,1534,1
Zailey,171,1
Zaina,739,2
Zair,155,1
Zaire,2679,1
Zak,410,8
Zaki,417,1
Zakk,236,1
Zander,8215,3
Zane,14897,3
Zara,2532,18
Zaya,219,1
Zayden,2332,1
Zaylee,459,1
Zayn,387,1
Zeb,305,2
Zebedee,87,1
Zeena,138,4
Zeina,211,1
Zeke,1094,33
Zelda,388,43
Zen,488,7
Zena,409,27
Zeno,86,2
Zephyr,316,8
Zeppelin,71,4
Zeta,233,3
Zeth,438,1
Zeus,363,194
Zev,882,3
Zhane,581,1
Zia,713,2
Ziggy,149,111
Zion,14284,8
Ziva,172,9
Zoe,48748,269
Zoee,815,2
Zoey,21381,254
Zoi,302,3
Zoie,4700,8
Zola,359,11
Zoltan,108,1
Zora,868,13
Zoran,84,1
Zori,115,1
Zosia,103,1
Zowie,442,2
Zoya,845,3
Zuly,153,2
Zuri,1435,5
